longitude,latitude,damage,date
-95.8121,29.666,0.005,1/9/2012
-95.6565,29.6756,0.5,1/9/2012
-95.5771,29.3492,0.015,1/9/2012
-95.44,29.2654,0.02,1/9/2012
-95.4356,29.2827,0.01,1/9/2012
-95.0294,29.407,0.05,1/9/2012
-81.794,35.351,0,1/11/2012
-81.485,35.659,13.4,1/11/2012
-81.3777,35.7587,0,1/11/2012
-86.9999,38.2794,0.004,1/17/2012
-86.9226,38.3302,0.02,1/17/2012
-85.4625,38.7601,0.04,1/17/2012
-85.8888,38.3075,0.01,1/17/2012
-85.758,38.3306,0.02,1/17/2012
-85.6328,38.2839,0.3,1/17/2012
-85.6041,38.1721,0.05,1/17/2012
-84.6631,38.1973,0.03,1/17/2012
-86.4652,36.7019,0.085,1/17/2012
-86.4742,36.0371,0.25,1/17/2012
-89.7422,31.079,0.25,1/17/2012
-84.7583,33.3142,0.01,1/21/2012
-84.0641,32.3404,0.3,1/21/2012
-83.7964,32.2264,0.025,1/21/2012
-92.5452,33.7634,4.125,1/22/2012
-91.9074,34.5156,0.1,1/22/2012
-91.8409,34.1347,0.175,1/22/2012
-91.7274,34.1925,0.825,1/22/2012
-91.4269,34.329,1,1/22/2012
-91.4365,34.2073,0.25,1/22/2012
-91.1255,34.4847,0.325,1/22/2012
-88.3652,38.0331,0.25,1/22/2012
-90.7148,34.0797,0.7,1/22/2012
-88.0765,38.3299,0.03,1/22/2012
-90.3036,34.2617,0.05,1/22/2012
-88.32,36.5,0.05,1/22/2012
-88.3925,35.585,0.05,1/22/2012
-87.1818,36.9858,0.125,1/23/2012
-88.2364,32.9287,0,1/23/2012
-87.6579,33.3257,0,1/23/2012
-87.444,33.3961,0,1/23/2012
-87.3071,33.4316,0,1/23/2012
-88.1705,32.6567,0,1/23/2012
-86.7411,33.6228,0,1/23/2012
-87.3096,32.7068,0,1/23/2012
-87.2748,32.7159,0,1/23/2012
-86.2951,33.2957,0,1/23/2012
-86.6329,32.7288,0,1/23/2012
-86.4119,32.5209,0,1/23/2012
-100.398,30.0675,0,1/24/2012
-97.6536,30.3221,0,1/25/2012
-98.6645,29.4556,0,1/25/2012
-97.3407,29.8544,0.005,1/25/2012
-96.73,30.4506,0.2,1/25/2012
-96.3729,30.2318,0.03,1/25/2012
-95.9702,30.9667,0.01,1/25/2012
-95.5765,30.7241,0.05,1/25/2012
-95.5659,30.7247,0.03,1/25/2012
-94.692,31.912,0.1,1/25/2012
-94.632,32.006,0,1/25/2012
-95.2846,29.5691,0.015,1/25/2012
-94.43,30.46,0.01,1/25/2012
-94.1903,30.5388,0.02,1/25/2012
-94.02,30.75,0.005,1/25/2012
-93.9221,30.6494,0.05,1/25/2012
-93.54,31.1,0.02,1/25/2012
-93.317,31.428,0.05,1/25/2012
-93.19,31,0.02,1/25/2012
-92.73,31.14,0.05,1/25/2012
-92.72,31.33,0.04,1/25/2012
-92.33,31.27,0.1,1/25/2012
-93.31,30.26,0.1,1/25/2012
-92.7626,29.7179,0.01,1/25/2012
-90.22,31.74,0.01,1/25/2012
-92.1415,30.2286,0.075,1/25/2012
-89.5605,30.9895,0.01,1/26/2012
-89.3808,29.3038,0.01,1/26/2012
-88.417,31.7619,0.007,1/26/2012
-87.4989,32.4383,0,1/26/2012
-82.028,26.998,0.03,1/27/2012
-92.83,30.64,0.02,2/1/2012
-88.2286,33.9735,0.025,2/1/2012
-100.7,35.55,0.25,2/3/2012
-96.47,30.49,0.15,2/3/2012
-96.4313,30.522,0.5,2/3/2012
-93.3441,30.7954,0.1,2/4/2012
-92.6377,30.0241,0.022,2/18/2012
-85.1454,34.2588,1.6,2/22/2012
-81.3797,33.7063,0.3,2/24/2012
-83.577,31.299,0.02,2/24/2012
-80.537,33.7026,0.01,2/24/2012
-80.8933,32.8819,0.125,2/24/2012
-76.3012,37.3337,0.02,2/24/2012
-100.565,41.3836,0.01,2/28/2012
-97.9836,39.5788,0.035,2/28/2012
-97.9322,39.6189,0,2/28/2012
-97.6795,39.7876,0,2/28/2012
-98.0237,37.9217,0.03,2/28/2012
-98.0039,37.9385,0,2/28/2012
-98.6074,41.55,0.05,2/28/2012
-97.5105,38.1828,0.015,2/28/2012
-95.9822,38.7815,0,2/28/2012
-95.4142,38.7238,0,2/28/2012
-94.5557,37.3908,0.25,2/28/2012
-93.8529,37.4533,0.25,2/28/2012
-93.1902,37.55,0.65,2/28/2012
-92.8139,37.5933,0.75,2/29/2012
-92.8359,37.7125,0.5,2/29/2012
-93.9178,36.6994,0.575,2/29/2012
-91.877,37.708,0,2/29/2012
-93.46,36.6223,20.5,2/29/2012
-90.5331,37.3983,0.1,2/29/2012
-89.9047,37.4689,0.17,2/29/2012
-89.73,37.5,0.35,2/29/2012
-89.73,37.5,0.15,2/29/2012
-90.1891,36.9,0.15,2/29/2012
-89.5207,37.5555,0.2,2/29/2012
-89.8119,37.03,0.25,2/29/2012
-89.05,37.63,0.1,2/29/2012
-88.65,37.6945,2,2/29/2012
-89.2,37.11,0.3,2/29/2012
-89.2,37.11,0.05,2/29/2012
-89.0991,37.1439,0.25,2/29/2012
-87.545,37.9073,0.08,2/29/2012
-87.4148,37.9434,0.25,2/29/2012
-87.493,37.3434,0.01,2/29/2012
-87.1722,37.2015,0.1,2/29/2012
-87.1882,37.1984,0.03,2/29/2012
-85.9034,37.6199,0.2,2/29/2012
-86.1576,37.4819,0.05,2/29/2012
-85.7672,37.5566,0.2,2/29/2012
-85.7295,37.5607,0.02,2/29/2012
-83.3714,37.8744,0.1,2/29/2012
-85.6843,37.1343,0.01,2/29/2012
-85.0814,37.1185,0.21,2/29/2012
-84.5777,37.1792,0.05,2/29/2012
-85.8529,35.9724,0.7,2/29/2012
-85.5298,36.0213,0.01,2/29/2012
-85.1102,36.0887,1,2/29/2012
-84.1285,35.6911,0.025,2/29/2012
-82.2165,36.63,0.05,2/29/2012
-83.8022,35.8273,0.02,3/1/2012
-85.6989,31.0809,0.05,3/1/2012
-85.5795,31.0814,0.005,3/1/2012
-85.2636,38.661,1.277,3/1/2012
-86.9531,34.7597,0,3/2/2012
-86.5702,34.8502,0,3/2/2012
-86.2552,34.985,0.01,3/2/2012
-86.2552,34.985,0.005,3/2/2012
-86.2433,34.9904,0.005,3/2/2012
-89.6933,38.5528,0,3/2/2012
-85.5416,35.05,0.003,3/2/2012
-85.1608,35.128,35.29,3/2/2012
-88.1708,38.0378,0.015,3/2/2012
-87.8494,38.083,0.5,3/2/2012
-84.3061,35.3681,5,3/2/2012
-87.5707,38.0924,0,3/2/2012
-87.9085,37.7451,0,3/2/2012
-86.1893,38.4316,58.75,3/2/2012
-86.1893,38.4316,58.25,3/2/2012
-83.434,35.536,0,3/2/2012
-87.0466,34.9155,0,3/2/2012
-87.5804,37.7242,0.05,3/2/2012
-87.7068,37.5108,0,3/2/2012
-87.0509,37.7615,0,3/2/2012
-85.8758,38.5154,0.3,3/2/2012
-85.4328,38.6333,0.075,3/2/2012
-86.7814,37.8345,0.19,3/2/2012
-85.3236,38.6563,0.5,3/2/2012
-86.7422,35.2116,0,3/2/2012
-85.407,39.0667,0.275,3/2/2012
-85.2893,38.5374,0.05,3/2/2012
-86.2367,37.8815,0.002,3/2/2012
-85.1058,38.5565,0,3/2/2012
-84.633,38.791,20.5,3/2/2012
-84.89,38.6,0.32,3/2/2012
-87.0143,34.8564,0,3/2/2012
-86.8581,34.9182,0,3/2/2012
-84.353,38.835,9.16,3/2/2012
-84.353,38.835,3,3/2/2012
-84.2328,38.859,6.16,3/2/2012
-87.1214,36.0973,0.3,3/2/2012
-84.17,38.693,0.07,3/2/2012
-86.3141,36.8685,0.05,3/2/2012
-83.588,38.955,0.2,3/2/2012
-83.5716,38.7796,0.03,3/2/2012
-83.5182,38.811,2,3/2/2012
-83.6146,37.905,81.475,3/2/2012
-83.6146,37.905,79.375,3/2/2012
-83.207,38.9581,0.035,3/2/2012
-83.2138,38.8455,0.17,3/2/2012
-84.942,35.5031,0.01,3/2/2012
-83.0978,39.0121,0.025,3/2/2012
-86.19,31.31,0,3/2/2012
-83.7781,38.1367,0.775,3/2/2012
-85.5362,35.0475,0.002,3/2/2012
-85.4929,36.2898,2,3/2/2012
-85.4929,36.2898,0.25,3/2/2012
-85.4673,36.302,1,3/2/2012
-82.5354,38.0334,2.1,3/2/2012
-83.2745,37.7012,37.09,3/2/2012
-83.2745,37.7012,37,3/2/2012
-86.7779,32.0859,0,3/2/2012
-85.1045,36.3848,0,3/2/2012
-84.2114,37.1954,5,3/2/2012
-85.669,31.1271,0,3/2/2012
-89.5219,31.1077,0.4,3/2/2012
-82.157,38.1468,0.15,3/2/2012
-82.4039,37.8326,0.09,3/2/2012
-89.3498,31.1967,0.015,3/2/2012
-84.2639,35.0945,2,3/2/2012
-85.2964,33.8681,11.75,3/2/2012
-83.6789,36.5827,0.5,3/2/2012
-83.5322,36.5815,0.1,3/2/2012
-83.4922,36.5972,1.65,3/2/2012
-83.187,35.1845,0.05,3/2/2012
-83.0574,36.6759,0.1,3/2/2012
-84.4608,33.9798,0.075,3/2/2012
-84.1722,35.9228,0.001,3/2/2012
-83.7746,36.025,0.02,3/2/2012
-87.1531,32.5486,0,3/2/2012
-86.5361,32.7246,0,3/2/2012
-85.9669,32.8666,0,3/2/2012
-89.7643,31.5876,0.06,3/2/2012
-80.687,35.257,3,3/3/2012
-81.076,34.072,0.03,3/3/2012
-84.683,31.1964,0.02,3/3/2012
-84.43,31.05,0.035,3/3/2012
-84.6159,30.4738,0,3/3/2012
-83.2517,31.008,0.75,3/3/2012
-157.715,21.3927,0,3/9/2012
-94.1269,31.5734,0.01,3/11/2012
-91.4978,32.8775,0.025,3/11/2012
-92.62,30.27,0.08,3/11/2012
-84.5681,43.7124,0.075,3/12/2012
-83.9571,42.3956,12,3/15/2012
-83.4336,43.1261,0.5,3/15/2012
-83.567,41.8623,0.05,3/15/2012
-120.32,36.63,0,3/17/2012
-99.6647,34.9,0,3/18/2012
-99.569,34.9934,0,3/18/2012
-99.559,35.0666,0,3/18/2012
-99.5474,35.1264,0,3/18/2012
-100.872,41.0149,0.5,3/18/2012
-100.861,41.1153,0.25,3/18/2012
-100.872,41.1444,0.75,3/18/2012
-100.869,41.1745,0.2,3/18/2012
-100.778,41.434,0.1,3/18/2012
-100.592,42.9193,0,3/18/2012
-102.339,32.0282,1,3/18/2012
-98.0431,39.7715,0.05,3/19/2012
-93.6893,44.1557,0.35,3/19/2012
-98.942,29.144,0,3/19/2012
-98.841,29.182,0,3/19/2012
-94.9951,35.5205,0,3/19/2012
-98.761,29.245,0,3/19/2012
-94.4545,35.5753,0.002,3/19/2012
-94.1375,36.0851,0.005,3/19/2012
-98.412,29.535,0,3/19/2012
-98.377,29.488,0,3/19/2012
-97.7177,28.881,0,3/20/2012
-93.5389,31.6453,0,3/20/2012
-92.8959,31.9817,0,3/20/2012
-93.0481,31.7434,0.06,3/20/2012
-92.4855,32.0508,0,3/21/2012
-92.6798,30.073,3,3/21/2012
-92.5181,29.9746,2.5,3/21/2012
-92.1028,29.8816,0.075,3/21/2012
-92.0917,29.9477,0.075,3/21/2012
-91.3063,29.6777,0.1,3/21/2012
-92.131,32.0427,0.5,3/21/2012
-90.9638,30.2836,0.25,3/21/2012
-76.63,35.73,0,3/21/2012
-90.8284,30.5278,0.01,3/21/2012
-91.0257,31.6382,0.02,3/21/2012
-90.904,32.0713,0.25,3/21/2012
-90.8592,32.3001,0.25,3/21/2012
-90.1306,30.4268,0.005,3/21/2012
-90.0185,30.4922,0.005,3/21/2012
-89.8404,32.2918,0.15,3/21/2012
-89.2508,31.4219,0.02,3/21/2012
-89.3293,31.7272,0.025,3/21/2012
-89.3012,30.4663,0.005,3/21/2012
-89.0203,32.0165,0.01,3/21/2012
-89.0199,30.4961,0.015,3/21/2012
-88.9093,30.47,0.01,3/22/2012
-86.0439,31.8379,0,3/23/2012
-89.5046,37.3264,0.01,3/23/2012
-89.5226,37.5177,0,3/23/2012
-89.2742,37.7599,0,3/23/2012
-89.1812,37.9472,0.075,3/23/2012
-85.559,31.1502,0.025,3/23/2012
-88.814,38.273,0.15,3/23/2012
-88.78,38.5766,0,3/23/2012
-85.6225,38.0855,0.3,3/23/2012
-84.9487,31.434,0.005,3/23/2012
-85.2886,38.1489,0.025,3/23/2012
-85.047,38.8307,0,3/23/2012
-83.9829,39.3991,0.05,3/23/2012
-84.0703,39.3218,0.02,3/23/2012
-82.56,29.75,0.008,3/24/2012
-96.21,38.55,0,3/28/2012
-96.13,38.08,0,3/28/2012
-96.0679,38.1068,0,3/28/2012
-97.6976,26.5939,0,3/29/2012
-85.7547,30.2967,0,3/30/2012
-93.7514,30.8345,0.2,4/2/2012
-97.3581,32.4361,0.6,4/3/2012
-96.8595,32.492,400.003,4/3/2012
-97.2825,32.5375,0,4/3/2012
-97.2194,32.6306,200,4/3/2012
-96.6908,32.7773,0.004,4/3/2012
-97.0623,32.7725,0.055,4/3/2012
-96.9847,32.8566,0.1,4/3/2012
-96.9936,32.9469,0.15,4/3/2012
-97.1376,33.1582,0,4/3/2012
-95.8967,33.1215,0,4/3/2012
-96.6156,32.7982,0.3,4/3/2012
-95.7136,33.0425,0,4/3/2012
-96.47,32.7495,100,4/3/2012
-95.5946,33.1837,0.006,4/3/2012
-96.3286,32.878,15.5,4/3/2012
-96.1358,33.0361,0,4/3/2012
-95.212,33.347,0,4/3/2012
-95.056,33.465,0,4/3/2012
-94.702,33.411,0,4/3/2012
-95.3556,33.0095,0,4/3/2012
-93.991,32.965,0.005,4/3/2012
-89.7481,36.299,0,4/5/2012
-89.7007,36.2993,0,4/5/2012
-89.7013,36.4351,0,4/5/2012
-81.8121,26.168,0.01,4/6/2012
-101.03,32.11,0,4/7/2012
-101.03,32.09,0,4/7/2012
-101.13,31.69,0,4/7/2012
-101.2,31.65,0,4/7/2012
-99.4107,36.3899,0,4/9/2012
-99.3722,36.3568,0,4/9/2012
-99.3638,36.3498,0,4/9/2012
-99.3273,36.2902,0,4/9/2012
-99.2726,36.2686,0.005,4/9/2012
-99.1827,36.2198,0,4/9/2012
-94.9101,32.0995,0,4/11/2012
-94.7454,31.9918,0,4/11/2012
-121.333,37.8778,0.01,4/11/2012
-101.05,40.21,0,4/12/2012
-97.5188,35.1991,0,4/13/2012
-96.9967,35.39,0,4/13/2012
-99.3051,34.7595,0,4/13/2012
-99.2926,34.7493,0,4/13/2012
-116.075,40.7086,0,4/13/2012
-99.2067,34.78,0,4/13/2012
-98.8575,34.8598,0,4/13/2012
-98.87,34.8555,0,4/13/2012
-98.8949,34.8495,0,4/13/2012
-98.7722,34.9032,0,4/13/2012
-98.6,35.0566,0,4/13/2012
-98.5459,34.993,0,4/13/2012
-98.5594,35.0198,0,4/13/2012
-97.726,35.4103,0,4/13/2012
-99.5418,38.2025,0.035,4/14/2012
-99.3267,38.432,0.125,4/14/2012
-98.855,38.832,0,4/14/2012
-98.721,38.939,0,4/14/2012
-98.616,39.05,0,4/14/2012
-99.9691,37.8394,0,4/14/2012
-98.4922,39.2733,0.1,4/14/2012
-97.9008,40.0057,0,4/14/2012
-99.7438,37.4075,0,4/14/2012
-96.0131,42.1429,0,4/14/2012
-97.6797,40.1496,0,4/14/2012
-97.3907,40.2703,0.35,4/14/2012
-99.4108,38.3149,0,4/14/2012
-99.2047,37.833,0,4/14/2012
-99.519,36.5291,0,4/14/2012
-99.413,36.591,0,4/14/2012
-99.1076,37.2292,0,4/14/2012
-99.15,38.4837,0,4/14/2012
-98.7337,38.1477,0,4/14/2012
-99.21,36.7874,0,4/14/2012
-99.1631,36.8243,0,4/14/2012
-98.7661,38.1003,0,4/14/2012
-98.7056,37.4936,0,4/14/2012
-96.3731,40.4612,0,4/14/2012
-98.54,38.27,0,4/14/2012
-96.2579,40.4923,0,4/14/2012
-98.39,37.72,0,4/14/2012
-96.0699,40.4976,0,4/14/2012
-98.4953,37.6711,0,4/14/2012
-100.783,41.1142,0,4/14/2012
-99.589,36.236,0,4/14/2012
-95.8905,40.6807,0,4/14/2012
-99.571,36.275,0,4/14/2012
-100.87,40.95,0,4/14/2012
-95.8194,40.7514,0,4/14/2012
-100.82,41.0351,0,4/14/2012
-100.82,41.0356,0,4/14/2012
-100.798,41.0799,0,4/14/2012
-98.257,38.406,0.01,4/14/2012
-100.739,41.093,0,4/14/2012
-99.1082,36.5219,0,4/14/2012
-99.6162,40.2995,0.075,4/14/2012
-98.29,37.53,0,4/14/2012
-100.809,40.8377,0,4/14/2012
-97.502,38.88,0,4/14/2012
-99.0937,36.4012,0,4/14/2012
-98.9938,36.512,0,4/14/2012
-94.4806,41.027,5.05,4/14/2012
-97.502,38.892,0,4/14/2012
-98.11,37.69,0,4/14/2012
-98.9409,36.4609,0,4/14/2012
-97.4276,38.9584,0.01,4/14/2012
-98.9175,36.4735,0,4/14/2012
-98.02,37.81,0,4/14/2012
-98.829,36.5491,0,4/14/2012
-98.6997,36.59,0,4/14/2012
-97.2,39.13,0,4/14/2012
-98.5168,36.6946,0,4/14/2012
-93.6702,41.1884,0.2,4/14/2012
-98.3883,36.7807,0,4/14/2012
-97.494,38.192,0,4/14/2012
-97.474,38.2,0,4/14/2012
-98.2516,36.8893,0,4/14/2012
-99.3765,37.6134,0,4/14/2012
-99.2544,37.6848,0,4/14/2012
-97.134,38.424,0,4/14/2012
-98.069,36.998,0,4/14/2012
-98.8958,37.9451,0,4/14/2012
-97.8,37.155,0,4/14/2012
-92.5092,41.2498,0.075,4/14/2012
-98.6614,38.0697,0,4/14/2012
-97.627,37.298,0,4/14/2012
-92.3392,41.17,0,4/14/2012
-97.348,37.548,500,4/14/2012
-97.71,38.591,0,4/14/2012
-97.049,37.724,0,4/14/2012
-97.06,37.78,0,4/14/2012
-96.943,37.748,0,4/14/2012
-96.742,37.909,0,4/14/2012
-98.145,38.606,0,4/14/2012
-96.9433,40.8591,0,4/14/2012
-99.7837,36.1133,0,4/14/2012
-96.1982,38.2165,0,4/14/2012
-96.2553,41.0074,0,4/14/2012
-95.7393,41.2727,0,4/14/2012
-96.0682,36.3233,0.05,4/15/2012
-94.926,35.7847,0.075,4/15/2012
-99.1923,41.1721,0.06,4/15/2012
-98.83,41.5824,0,4/15/2012
-98.6046,41.8258,0.054,4/15/2012
-98.48,42,0,4/15/2012
-98.04,42.58,0,4/15/2012
-97.86,42.8392,0,4/15/2012
-97.85,42.87,0,4/15/2012
-95.89,44.59,0,4/15/2012
-94.38,44.71,0,4/15/2012
-92.2984,35.4434,0.03,4/15/2012
-97.3063,27.8748,2,4/16/2012
-97.26,27.92,0.015,4/16/2012
-97.23,27.92,0.05,4/16/2012
-97.705,27.294,0,4/16/2012
-97.7776,27.2504,0,4/16/2012
-97.7806,26.4561,0,4/20/2012
-97.733,26.1202,0,4/20/2012
-84.7454,29.7168,0,4/21/2012
-96.6058,46.3788,0.015,4/21/2012
-96.5,46.82,0.01,4/21/2012
-96.2239,45.6107,0,4/21/2012
-96.07,46.1787,0.1,4/21/2012
-95.8077,45.1055,0.1,4/21/2012
-95.4135,44.319,0.25,4/21/2012
-95.6947,45.1554,0,4/21/2012
-95.5901,45.7689,0.1,4/21/2012
-95.12,43.1,0,4/21/2012
-94.95,43,0,4/21/2012
-91.842,40.45,0,4/25/2012
-88.708,35.3789,0.4,4/26/2012
-86.8954,35.931,0.075,4/26/2012
-104.27,38.78,0.01,4/26/2012
-102.77,38.12,0.025,4/27/2012
-102.703,37.9909,0.5,4/27/2012
-102.601,38.0303,0.5,4/27/2012
-102.535,38.4121,0.04,4/27/2012
-102.493,38.4809,0.03,4/27/2012
-97.641,39.4537,0,4/27/2012
-99.2984,39.9549,0,4/27/2012
-96.44,38.75,0,4/27/2012
-100.42,32.98,0,4/28/2012
-96.5783,36.577,0.008,4/29/2012
-93.5659,37.8278,0.005,4/30/2012
-99.7276,37.3016,0,4/30/2012
-100.057,37.8839,0,4/30/2012
-99.476,37.9514,0,4/30/2012
-99.4007,37.5637,0,4/30/2012
-99.2354,37.6217,0,4/30/2012
-98.2242,36.6631,0,4/30/2012
-98.216,36.703,0,4/30/2012
-99.0761,37.0471,0,4/30/2012
-95.712,36.7132,0,4/30/2012
-95.7093,36.6982,0,4/30/2012
-97.9062,36.8533,0,4/30/2012
-95.692,36.7386,0,4/30/2012
-100.22,34.7451,0,4/30/2012
-95.6296,36.7437,0.005,4/30/2012
-95.5027,36.7885,0.002,4/30/2012
-97.7492,36.7947,0,4/30/2012
-97.7172,36.7998,0,4/30/2012
-98.0053,36.7058,0,4/30/2012
-95.349,36.9444,0,4/30/2012
-97.459,36.81,0,4/30/2012
-97.4327,36.7766,0,4/30/2012
-95.7808,36.6843,0.01,4/30/2012
-95.094,36.8872,0.25,5/1/2012
-87.1948,39.333,0.003,5/1/2012
-85.364,38.6071,0.025,5/1/2012
-88.4897,39.9821,0,5/1/2012
-88.438,39.9767,0.025,5/1/2012
-84.86,39.41,0.25,5/1/2012
-88.0801,40.024,0,5/1/2012
-95.25,45.58,0,5/1/2012
-95.0622,45.562,0,5/1/2012
-94.9837,45.5478,0.1,5/1/2012
-87.635,40.0857,0.008,5/1/2012
-84.23,39.44,0.005,5/1/2012
-84.19,39.47,0.01,5/1/2012
-93.91,45.35,0,5/1/2012
-87.1888,40.0128,0,5/1/2012
-86.7835,39.9679,0.048,5/1/2012
-95.37,43.13,0.005,5/1/2012
-77.9733,41.7292,0.075,5/2/2012
-97.7877,40.3415,0.2,5/2/2012
-91.67,41.1355,1,5/3/2012
-95.72,43.63,0,5/4/2012
-95.65,43.628,0,5/4/2012
-95.47,43.61,0,5/4/2012
-95.25,43.63,0,5/4/2012
-95.17,43.65,0,5/4/2012
-95.11,43.63,0,5/4/2012
-96.2,43.04,0,5/4/2012
-96.06,43.05,0,5/4/2012
-94.73,43.7,0,5/4/2012
-95.69,43.09,0,5/4/2012
-93.7538,43.5353,0.25,5/4/2012
-93.7653,43.4873,0,5/4/2012
-87.6868,40.7651,0.025,5/6/2012
-94.4895,38.7687,0,5/6/2012
-94.45,38.79,0,5/6/2012
-87.7268,40.4572,0.065,5/6/2012
-94.81,38.89,0,5/6/2012
-94.83,38.86,0,5/6/2012
-97.3628,27.7364,0,5/8/2012
-80.443,27.334,0,5/8/2012
-90.0237,29.2206,0.1,5/9/2012
-110.939,31.41,0,5/9/2012
-99.3947,28.526,0.05,5/10/2012
-97.9125,27.4215,0,5/10/2012
-97.912,29.1098,0,5/10/2012
-98.2658,28.5864,0,5/10/2012
-98.2782,28.6276,0.05,5/10/2012
-98.169,28.62,0,5/10/2012
-98.099,28.647,0,5/10/2012
-98.035,28.6193,0,5/10/2012
-98.0247,28.65,0,5/10/2012
-98.022,28.6756,0,5/10/2012
-98.2557,28.4035,0,5/10/2012
-96.7935,29.6992,0.5,5/10/2012
-98.328,28.0788,0,5/10/2012
-98.0255,28.0908,0,5/10/2012
-97.4795,27.7528,0.1,5/10/2012
-97.4671,28.0014,0.5,5/10/2012
-97.2858,28.1392,0.03,5/10/2012
-97.0014,28.1961,0.002,5/10/2012
-98.8846,27.078,0,5/10/2012
-97.6165,26.1367,0.015,5/11/2012
-87.406,30.3535,0.001,5/12/2012
-85.6899,32.6557,0,5/13/2012
-107.277,34.0922,0.001,5/13/2012
-79.834,34.827,0.1,5/14/2012
-81.0645,33.4826,0.01,5/14/2012
-104.845,42.2527,0,5/18/2012
-98.37,37.48,0,5/19/2012
-98.23,37.68,0,5/19/2012
-98.31,37.47,0,5/19/2012
-98.17,37.64,0,5/19/2012
-98.15,37.57,0,5/19/2012
-98.24,37.43,0,5/19/2012
-98.1943,37.4322,0,5/19/2012
-98.2344,37.3576,0,5/19/2012
-98.22,37.27,0,5/19/2012
-102.73,35.3109,0,5/21/2012
-103.592,48.9832,0,5/22/2012
-102.03,48.34,0,5/22/2012
-89.9903,29.964,0.02,5/23/2012
-91.9604,42.9661,0.03,5/24/2012
-97.6028,41.7164,0.1,5/24/2012
-89.8053,44.8689,0,5/24/2012
-99.02,38.82,0,5/25/2012
-99.02,38.79,0,5/25/2012
-99.02,38.78,0,5/25/2012
-99.4527,38.5594,0,5/25/2012
-99.4583,38.5494,0,5/25/2012
-99.4242,38.5366,0,5/25/2012
-99.4087,38.5345,0,5/25/2012
-98.854,38.856,0,5/25/2012
-99.3177,38.5283,0,5/25/2012
-99.3094,38.5548,0,5/25/2012
-99.2351,38.5641,0,5/25/2012
-99.1674,38.6143,0,5/25/2012
-99.14,38.6672,0,5/25/2012
-97.97,41.9,0,5/27/2012
-98.4672,41.4747,0,5/27/2012
-97.87,41.82,0,5/27/2012
-97.6345,41.8282,0,5/27/2012
-92.4596,45.5922,0,5/27/2012
-80.3072,27.287,0.02,5/28/2012
-82.7569,29.0348,0,5/29/2012
-72.2609,44.6965,0.01,5/29/2012
-97.7984,35.6236,0.005,5/29/2012
-80.36,33.31,0.02,5/29/2012
-97.99,35.384,0,5/29/2012
-77.1,34.73,0.6,5/30/2012
-101.41,39.43,0,5/30/2012
-99.95,33.87,0,5/30/2012
-100.284,34.0114,0,5/30/2012
-100.283,34.0009,0,5/30/2012
-100.281,34.0018,0,5/30/2012
-100.297,33.9634,0,5/30/2012
-99.86,31.58,0,5/30/2012
-99.84,31.54,0,5/30/2012
-100.453,34.0393,0,5/30/2012
-99.75,31.41,0,5/30/2012
-99.7959,38.1619,0,5/30/2012
-99.895,38.0076,0,5/30/2012
-77.232,39.274,0.005,6/1/2012
-77.446,39.099,0.005,6/1/2012
-77.139,39.358,0.005,6/1/2012
-77.139,39.357,0.005,6/1/2012
-77.194,39.245,0.05,6/1/2012
-76.952,39.503,0.2,6/1/2012
-76.878,39.15,0.1,6/1/2012
-76.6224,39.8593,0.025,6/1/2012
-80.7899,27.2902,0,6/1/2012
-76.29,36.28,0,6/1/2012
-79.2053,40.2595,3,6/1/2012
-76.846,38.944,0.002,6/1/2012
-76.755,39.047,0.003,6/1/2012
-76.393,39.487,0.3,6/1/2012
-78.5841,40.188,0.025,6/1/2012
-98.32,45.65,0,6/1/2012
-78.376,39.688,0.002,6/1/2012
-77.3817,37.1791,0.175,6/1/2012
-76.744,39.098,0.1,6/1/2012
-77.4,37.79,0,6/1/2012
-76.3553,37.0034,1,6/1/2012
-76.0045,39.0559,0.1,6/1/2012
-97.88,44.91,0,6/1/2012
-76.0192,37.3125,0.003,6/1/2012
-97.64,44.7,0,6/1/2012
-97.64,44.58,0,6/1/2012
-102.812,38.4474,0,6/2/2012
-102.762,38.459,0,6/2/2012
-102.58,38.78,0,6/2/2012
-102.112,39.285,0,6/2/2012
-97.2,48.54,0,6/3/2012
-97.19,48.31,0,6/3/2012
-98.02,46.95,0,6/3/2012
-97.1,48.22,0,6/3/2012
-91.786,34.684,0,6/4/2012
-101.27,33.63,0,6/4/2012
-89.43,36.9736,0.1,6/4/2012
-110.858,46.5378,0,6/5/2012
-109.887,47.1013,0,6/5/2012
-109.82,48.0388,0,6/5/2012
-104.67,39.87,0,6/6/2012
-104.23,40.87,0,6/6/2012
-104.63,39.29,0,6/6/2012
-104.67,39.41,0,6/6/2012
-104.62,39.47,0,6/6/2012
-104.61,39.61,0,6/6/2012
-104.6,39.51,0,6/6/2012
-103.589,43.5077,0.001,6/7/2012
-105.106,42.05,0,6/7/2012
-104.87,41.44,0,6/7/2012
-104.16,39.66,0,6/7/2012
-104.11,39.35,0,6/7/2012
-104.74,41.46,0,6/7/2012
-104.2,39.1996,0.05,6/7/2012
-104.188,39.07,0,6/7/2012
-104.87,40.78,0,6/7/2012
-88.03,46.78,0.01,6/8/2012
-85.89,31.07,0.1,6/10/2012
-93.8098,44.5368,0.255,6/10/2012
-81.63,34.32,0.006,6/10/2012
-80.6847,33.5322,0.016,6/11/2012
-80.9795,32.381,0.4,6/11/2012
-102.814,32.3939,0.006,6/12/2012
-103.531,34.2418,0,6/12/2012
-103.336,33.9607,0,6/12/2012
-96.2504,33.5045,0.05,6/13/2012
-102.67,37.3,0,6/14/2012
-102.216,37.7661,0,6/14/2012
-100.23,38.37,0,6/14/2012
-104.42,39.77,0,6/15/2012
-102.86,37.4424,0,6/16/2012
-96.34,45.92,0,6/17/2012
-96.96,45.46,0,6/17/2012
-96.23,45.89,0,6/17/2012
-96.6214,45.4025,0,6/17/2012
-95.3788,45.1349,0,6/17/2012
-95.7455,45.0769,0,6/17/2012
-84.5354,44.5861,0.06,6/18/2012
-97.52,47.82,0,6/20/2012
-97.36,47.76,0,6/20/2012
-103.102,41.0579,0,6/22/2012
-103.83,43.104,0.5,6/22/2012
-81.747,26.11,0.035,6/23/2012
-81.789,26.274,0,6/23/2012
-81.78,27.4,0.065,6/24/2012
-81.52,26.84,0.005,6/24/2012
-81.641,25.762,0,6/24/2012
-81.542,26.162,0,6/24/2012
-81.36,27.04,0.015,6/24/2012
-80.0645,26.634,0,6/24/2012
-81.55,26.37,0,6/24/2012
-80.068,26.697,0.05,6/24/2012
-80.118,25.966,0.01,6/24/2012
-81.34,26.92,0,6/24/2012
-81.44,27.27,0.06,6/24/2012
-82.8437,27.8783,0.13,6/24/2012
-82.3747,28.1506,0.09,6/24/2012
-82.715,28.2372,0.65,6/24/2012
-81.68,27.96,0.004,6/24/2012
-81.68,27.95,0.39,6/24/2012
-82.74,27.7,0.15,6/24/2012
-81.6609,28.4849,0,6/24/2012
-80.8961,27.6694,0,6/24/2012
-82.47,28.7,0.09,6/24/2012
-80.876,28.1035,0,6/24/2012
-80.8614,28.5314,0,6/24/2012
-77.998,37.843,0.015,6/25/2012
-71.3119,43.6497,0,6/25/2012
-81.023,27.2714,0,6/26/2012
-93.69,29.7876,0,6/30/2012
-77.29,37.69,0.015,6/30/2012
-102.36,41.13,0,7/3/2012
-95.03,46.57,0,7/4/2012
-106.87,34.03,0,7/5/2012
-104.757,38.7048,0,7/9/2012
-76.07,35.42,0,7/10/2012
-81.1282,26.8397,0,7/12/2012
-97.08,47.71,0,7/12/2012
-90.1936,29.0995,0.015,7/13/2012
-75.6668,37.6864,0.015,7/14/2012
-76.7515,38.2233,0.01,7/15/2012
-76.8,41.78,0.01,7/15/2012
-80.3856,27.5215,0.04,7/17/2012
-71.7585,43.6406,0,7/17/2012
-101.495,39.521,0,7/17/2012
-81.4808,31.1123,0,7/18/2012
-102.07,41.01,0,7/18/2012
-93.15,30.19,0.1,7/20/2012
-93.0636,30.1553,0.001,7/20/2012
-103.01,48.82,0,7/21/2012
-75.48,43.19,0.05,7/23/2012
-70.5691,41.9406,0.003,7/24/2012
-114.16,37.62,0,7/24/2012
-106.037,35.619,0,7/24/2012
-69.7671,43.9889,0,7/24/2012
-78.0053,41.7913,0,7/26/2012
-77.129,42.06,0.002,7/26/2012
-77.02,42.12,0.2,7/26/2012
-76.921,42.095,10,7/26/2012
-76.6947,42.106,0.095,7/26/2012
-75.76,42.03,0.001,7/26/2012
-75.87,41.78,0.035,7/26/2012
-75.9,41.01,0.03,7/26/2012
-105.63,39.58,0,7/28/2012
-84.4,30.23,0.05,7/29/2012
-75.5487,35.8118,0,7/30/2012
-75.617,35.8288,0,7/30/2012
-88.3735,40.4411,0,7/31/2012
-80.12,32.61,0,8/1/2012
-98.5395,44.85,0,8/3/2012
-98.1,45.11,0,8/3/2012
-86.621,41.6599,0,8/4/2012
-80.7037,41.1642,0.15,8/5/2012
-76.6628,38.5103,0,8/7/2012
-96.8843,41.6571,0,8/8/2012
-92.04,46.73,0,8/9/2012
-92.05,46.72,0,8/9/2012
-90.2059,31.1834,0.03,8/9/2012
-73.16,40.72,0.1,8/10/2012
-71.57,41.1494,0.05,8/10/2012
-77.817,35.605,0.35,8/11/2012
-117.198,33.7689,0,8/12/2012
-75.4663,35.6083,0,8/19/2012
-89.9812,32.4892,0,8/19/2012
-114.045,38.2809,0,8/21/2012
-94.8788,29.6681,0,8/21/2012
-102.239,38.4256,0,8/23/2012
-94.0009,44.8067,0.062,8/23/2012
-77.7536,39.7547,0.01,8/26/2012
-81.2232,28.2707,0.015,8/27/2012
-80.4956,27.6256,0.5,8/27/2012
-82.434,27.9397,0.002,8/27/2012
-85.1543,30.8762,0,8/29/2012
-89.0847,30.367,0.025,8/29/2012
-85.5149,30.9929,0.01,8/29/2012
-88.749,30.362,0.04,8/29/2012
-86.14,31.19,0.025,8/30/2012
-88.553,30.344,0.075,8/30/2012
-88.4957,31.9934,0.1,8/30/2012
-88.5303,32.2436,0.07,8/30/2012
-88.283,31.9,0.005,8/30/2012
-90.1336,38.7787,0,8/31/2012
-90.4076,39.2823,0,8/31/2012
-90.0419,39.6112,0.23,8/31/2012
-90.0916,39.6371,0,8/31/2012
-90.6671,38.8178,0,8/31/2012
-89.0868,40.8415,0,9/1/2012
-89.1222,40.8944,0,9/1/2012
-89.152,40.9039,0.001,9/1/2012
-89.447,40.9624,0,9/1/2012
-89.687,41.0485,0,9/1/2012
-89.6521,41.0786,0,9/1/2012
-89.7729,41.1198,0,9/1/2012
-90.6526,36.4075,5,9/1/2012
-90.5853,36.4478,0,9/1/2012
-90.2868,36.8022,0,9/1/2012
-90.25,36.6,0,9/1/2012
-113.561,42.52,0,9/1/2012
-113.497,42.4422,0,9/1/2012
-86.1762,39.7876,0,9/1/2012
-90.2149,36.0903,0.1,9/1/2012
-75.5648,39.0979,0.1,9/3/2012
-75.0975,39.8772,0.025,9/4/2012
-90.995,42.9089,0.42,9/4/2012
-84.144,39.173,0.04,9/7/2012
-73.9329,40.5468,0.27,9/8/2012
-117.23,33.78,0,9/9/2012
-66.879,18.28,0.03,9/13/2012
-95.9,38.93,0,9/17/2012
-86.3374,35.4472,0.05,9/17/2012
-86.0501,31.1077,0.01,9/17/2012
-78.34,35.82,0,9/18/2012
-77.46,35.04,0.02,9/18/2012
-106.351,37.6695,0.005,9/25/2012
-89.5425,38.4475,0,9/25/2012
-104.75,39.18,0,9/27/2012
-80.136,40.186,0.075,9/27/2012
-79.864,40.367,0.05,9/27/2012
-104.22,39.74,0,9/27/2012
-104.37,40.2,0,9/27/2012
-97.0655,29.338,0.005,9/29/2012
-96.6423,28.6179,0.1,9/29/2012
-89.4792,30.5428,0.03,9/30/2012
-89.1502,30.7127,0.06,9/30/2012
-100.225,41.4652,0,9/30/2012
-86.2405,32.8089,0,10/1/2012
-86.49,35.49,0.01,10/1/2012
-78.5773,34.3277,0.004,10/1/2012
-78.4724,34.4111,0.0025,10/1/2012
-86.1394,36.007,0.02,10/1/2012
-78.9451,34.3807,0.01,10/1/2012
-78.4397,34.4358,0.004,10/1/2012
-86.087,36.1738,0.015,10/1/2012
-105.668,35.63,0.05,10/12/2012
-101.796,33.942,0,10/12/2012
-101.703,34.032,0,10/12/2012
-97.5205,34.1942,0,10/13/2012
-96.957,30.4024,0.005,10/13/2012
-93.4429,37.2772,0.025,10/13/2012
-94.2055,36.316,0.1,10/13/2012
-88.6631,36.7354,0.35,10/14/2012
-86.9574,33.3076,0,10/14/2012
-91.8358,34.6159,0,10/17/2012
-91.3159,34.6906,0.3,10/17/2012
-90.7018,33.9672,0.2,10/17/2012
-89.8434,33.859,0.05,10/17/2012
-90.7006,32.9946,0.25,10/17/2012
-90.6077,32.9638,0.04,10/17/2012
-90.5072,32.9506,0.05,10/17/2012
-90.1245,32.8795,0.01,10/17/2012
-89.724,32.7391,0.05,10/17/2012
-89.5056,32.7495,0.4,10/17/2012
-89.4521,32.4374,2.5,10/17/2012
-90.4337,32.3657,0.035,10/18/2012
-89.07,32.66,0.1,10/18/2012
-76.504,39.609,0,10/19/2012
-76.2631,39.8002,6,10/19/2012
-121.63,39.0621,0,10/22/2012
-121.527,39.0791,0,10/22/2012
-121.456,39.235,0,10/22/2012
-121.35,38.387,0,10/22/2012
-121.091,39.045,0,10/22/2012
-119.289,36.1104,0,11/9/2012
-93.3,44.75,0.15,11/10/2012
-93.1744,44.8507,0.05,11/10/2012
-93.1247,44.9058,0.1,11/10/2012
-92.9605,45.0801,0.2,11/10/2012
-93.84,32.76,0,11/11/2012
-118.229,36.9478,0,11/30/2012
-90.7268,36.7928,0.1,12/9/2012
-89.5228,30.7625,0.01,12/9/2012
-89.3867,31.0955,0.008,12/9/2012
-89.011,31.6266,0.001,12/9/2012
-86.8436,33.5359,0,12/10/2012
-91.2045,30.5656,0.2,12/10/2012
-90.18,31.01,0.14,12/10/2012
-90.935,30.2621,0.2,12/10/2012
-81.6247,28.6255,0,12/10/2012
-80.8675,28.9112,1.7,12/10/2012
-80.832,28.9386,0.001,12/10/2012
-101.577,35.1941,0,12/14/2012
-100.786,34.9372,0,12/14/2012
-100.78,34.91,0,12/14/2012
-82.7411,32.1676,0,12/17/2012
-83.0396,31.9394,0,12/17/2012
-82.7317,32.0708,0.005,12/17/2012
-94.119,35.399,0.4,12/19/2012
-92.448,34.2969,0.175,12/20/2012
-88.1383,30.6671,0,12/20/2012
-83.5814,30.1158,0,12/20/2012
-121.83,36.88,0.04,12/22/2012
-95.3208,31.1613,0.7,12/25/2012
-95.1956,31.2131,0,12/25/2012
-93.1282,31.2219,0.001,12/25/2012
-92.896,30.932,0.025,12/25/2012
-92.487,31.36,2,12/25/2012
-92.453,31.3,2,12/25/2012
-91.905,31.502,0.075,12/25/2012
-91.067,31.078,0.25,12/25/2012
-87.8687,32.0238,0,12/25/2012
-89.681,30.65,2.5,12/25/2012
-86.13,31.36,0.002,12/25/2012
-90.228,31.5157,0.2,12/25/2012
-89.028,31.474,0.05,12/25/2012
-86.272,31.7206,0,12/25/2012
-86.2309,31.7928,0,12/25/2012
-88.715,32.228,0.055,12/25/2012
-88.3536,32.0573,0,12/25/2012
-88.09,30.67,1.35,12/25/2012
-85.7819,31.5943,0,12/25/2012
-87.8228,32.4762,0,12/25/2012
-88.3217,31.1929,0,12/25/2012
-87.8672,31.618,0,12/25/2012
-85.9817,31.3537,0.005,12/25/2012
-90.0979,29.8751,0.01,12/25/2012
-88.4133,30.7937,0,12/25/2012
-86.8505,32.0513,0,12/25/2012
-86.6818,32.1521,0,12/25/2012
-86.6041,32.2043,0,12/25/2012
-86.1472,31.7252,0,12/25/2012
-86.0452,32.3527,0,12/25/2012
-76.67,34.79,0.01,12/26/2012
